ninco/skipper_caterpillar/skipper_caterpillar_009_015-9047575.jpg -1
ninco/octopus_bimaculoides/octopus_bimaculoides_099_4760397.jpeg -1
ninco/tursiops_aduncus/tursiops_aduncus_015_11317820.jpg -1
ninco/epithelantha_micromeris/epithelantha_micromeris_089_30950710.jpeg -1
ninco/octopus_rubescens/octopus_rubescens_056_13559225.jpg -1
ninco/Caracal_caracal_caracal/Caracal_caracal_caracal_010_011-22350807.jpeg -1
ninco/darlingtonia_californica/darlingtonia_californica_027_12184800.jpg -1
ninco/donuts/donuts_037_100786.jpg -1
ninco/dendrolagus_lumholtzi/dendrolagus_lumholtzi_031_37765587.jpg -1
ninco/amphiuma_means/amphiuma_means_074_38724154.jpg -1
ninco/darlingtonia_californica/darlingtonia_californica_010_10473888.jpg -1
ninco/sepia_officinalis/sepia_officinalis_065_2433302.jpg -1
ninco/door/door_057_00087.jpg -1
ninco/polistes_dominula/polistes_dominula_097_1889785.JPG -1
ninco/ferocactus_pilosus/ferocactus_pilosus_004_10342896.jpeg -1
ninco/lathyrus_odoratus/lathyrus_odoratus_005_12318920.jpg -1
ninco/polistes_dominula/polistes_dominula_071_1782586.jpg -1
ninco/f_field_road/f_field_road_001_00000138.jpg -1
ninco/sepia_apama/sepia_apama_008_10520490.jpeg -1
ninco/lepomis_auritus/lepomis_auritus_061_12363951.jpg -1
ninco/batrachoseps_attenuatus/batrachoseps_attenuatus_062_1140330.JPG -1
ninco/door/door_058_00088.jpg -1
ninco/darlingtonia_californica/darlingtonia_californica_005_10259672.jpg -1
ninco/cirsium_pitcheri/cirsium_pitcheri_055_19027834.jpeg -1
ninco/sepioteuthis_australis/sepioteuthis_australis_084_55165154.jpeg -1
ninco/chicken_quesadilla/chicken_quesadilla_090_823085.jpg -1
ninco/door/door_076_00114.jpg -1
ninco/creme_brulee/creme_brulee_003_709526.jpg -1
ninco/chicken_quesadilla/chicken_quesadilla_058_1806916.jpg -1
ninco/pyramid/pyramid_087_pyramid_0164_flickr.png -1
ninco/dendrolagus_lumholtzi/dendrolagus_lumholtzi_023_34726623.jpeg -1
ninco/Caracal_caracal_caracal/Caracal_caracal_caracal_068_104-102557151.jpeg -1
ninco/tursiops_aduncus/tursiops_aduncus_097_59652215.jpg -1
ninco/erysimum_franciscanum/erysimum_franciscanum_028_10586607.jpeg -1
ninco/donuts/donuts_047_3789141.jpg -1
ninco/scissors/scissors_065_scissors_0194_pixabay.jpg -1
ninco/chicken_quesadilla/chicken_quesadilla_031_1932954.jpg -1
ninco/skipper_caterpillar/skipper_caterpillar_058_086-55873461.jpeg -1
ninco/gramophone/gramophone_009_image_0012.jpg -1
ninco/fire_extinguisher/fire_extinguisher_079_00088.jpg -1
ninco/erysimum_franciscanum/erysimum_franciscanum_092_12630155.jpeg -1
ninco/octopus_bimaculoides/octopus_bimaculoides_043_18659543.jpeg -1
ninco/lasionycteris_noctivagans/lasionycteris_noctivagans_096_31230736.jpg -1
ninco/arctocephalus_galapagoensis/arctocephalus_galapagoensis_056_40923476.jpg -1
ninco/sarpa_salpa/sarpa_salpa_026_2460389.jpg -1
ninco/waffles/waffles_043_635997.jpg -1
ninco/lasionycteris_noctivagans/lasionycteris_noctivagans_078_26012032.jpg -1
ninco/octopus_rubescens/octopus_rubescens_019_11383290.jpg -1
ninco/sarpa_salpa/sarpa_salpa_050_32065011.jpeg -1
ninco/araneus_gemma/araneus_gemma_051_34433500.jpeg -1
ninco/lasionycteris_noctivagans/lasionycteris_noctivagans_021_16283364.jpg -1
ninco/Caracal_caracal_caracal/Caracal_caracal_caracal_086_166-151166079.jpeg -1
ninco/spaghetti_bolognese/spaghetti_bolognese_058_3385548.jpg -1
ninco/streptopus_lanceolatus/streptopus_lanceolatus_079_13333399.jpg -1
ninco/door/door_018_00022.jpg -1
ninco/f_field_road/f_field_road_002_00000146.jpg -1
ninco/skipper_caterpillar/skipper_caterpillar_013_020-9817978.jpeg -1
ninco/glass_of_milk/glass_of_milk_007_glass_of_milk_0018_pixabay.jpg -1
ninco/bagpipe/bagpipe_015_n02775483_10625.JPEG -1
ninco/tursiops_aduncus/tursiops_aduncus_077_46932711.jpg -1
ninco/octopus_bimaculoides/octopus_bimaculoides_011_1090608.JPG -1
ninco/cable/cable_065_0422.png -1
ninco/walker/walker_044_00100.jpg -1
ninco/epithelantha_micromeris/epithelantha_micromeris_011_1166336.jpg -1
ninco/lasionycteris_noctivagans/lasionycteris_noctivagans_009_13690736.jpg -1
ninco/creme_brulee/creme_brulee_019_3288880.jpg -1
ninco/f_field_road/f_field_road_046_00002212.jpg -1
ninco/spaghetti_bolognese/spaghetti_bolognese_002_759740.jpg -1
ninco/erysimum_franciscanum/erysimum_franciscanum_061_11688945.jpg -1
ninco/polistes_dominula/polistes_dominula_093_1856305.jpg -1
ninco/fire_extinguisher/fire_extinguisher_068_00075.jpg -1
ninco/glass_of_milk/glass_of_milk_016_glass_of_milk_0055_pixabay.jpg -1
ninco/sepioteuthis_australis/sepioteuthis_australis_002_10456322.jpeg -1
ninco/octopus_rubescens/octopus_rubescens_044_13457869.jpeg -1
ninco/hippopus_hippopus/hippopus_hippopus_017_5136210.jpeg -1
ninco/arctocephalus_galapagoensis/arctocephalus_galapagoensis_083_71271246.jpg -1
ninco/donuts/donuts_024_1419755.jpg -1
ninco/epithelantha_micromeris/epithelantha_micromeris_083_26671659.jpeg -1
ninco/sepia_apama/sepia_apama_006_10288525.jpg -1
ninco/sarracenia_alata/sarracenia_alata_084_15883004.jpg -1
ninco/f_field_road/f_field_road_091_00004244.jpg -1
ninco/haemulon_sciurus/haemulon_sciurus_094_70058997.jpeg -1
ninco/pyramid/pyramid_069_pyramid_0080_flickr.png -1
ninco/sepioteuthis_australis/sepioteuthis_australis_014_18945170.jpg -1
ninco/haemulon_sciurus/haemulon_sciurus_061_38085805.jpg -1
ninco/pseudorca_crassidens/pseudorca_crassidens_031_37545186.jpg -1
ninco/mbira/mbira_056_317.png -1
ninco/platycephalus_fuscus/platycephalus_fuscus_083_34895223.jpeg -1
ninco/triturus_marmoratus/triturus_marmoratus_011_13034364.jpg -1
ninco/octopus_rubescens/octopus_rubescens_081_16308712.jpg -1
ninco/leptoglossus_phyllopus/leptoglossus_phyllopus_062_2419658.jpg -1
ninco/epithelantha_micromeris/epithelantha_micromeris_021_13210570.jpg -1
ninco/tapirus_bairdii/tapirus_bairdii_008_1129414.JPG -1
ninco/glass_of_milk/glass_of_milk_031_glass_of_milk_0094_flickr.jpg -1
ninco/windsor_chair/windsor_chair_048_image_0052.jpg -1
ninco/octopus_rubescens/octopus_rubescens_026_1188226.JPG -1
ninco/door/door_099_00219.jpg -1
ninco/cirsium_pitcheri/cirsium_pitcheri_089_27248092.jpg -1
ninco/darlingtonia_californica/darlingtonia_californica_088_14250864.jpg -1
ninco/f_field_road/f_field_road_007_00000578.jpg -1
ninco/cirsium_pitcheri/cirsium_pitcheri_007_13356864.jpg -1
ninco/waffles/waffles_020_2492594.jpg -1
ninco/sarracenia_alata/sarracenia_alata_086_16031013.jpg -1
ninco/spaghetti_bolognese/spaghetti_bolognese_063_3233631.jpg -1
ninco/darlingtonia_californica/darlingtonia_californica_036_12537671.jpeg -1
ninco/sepia_apama/sepia_apama_081_31335018.jpg -1
ninco/platycephalus_fuscus/platycephalus_fuscus_097_36248843.png -1
ninco/triturus_marmoratus/triturus_marmoratus_059_20092231.jpeg -1
ninco/sarpa_salpa/sarpa_salpa_079_40883703.jpg -1
ninco/arctocephalus_galapagoensis/arctocephalus_galapagoensis_088_80814405.jpeg -1
ninco/sarpa_salpa/sarpa_salpa_007_11094642.jpg -1
ninco/sarracenia_alata/sarracenia_alata_060_13030284.jpeg -1
ninco/sarracenia_alata/sarracenia_alata_020_11120859.jpg -1
ninco/fire_extinguisher/fire_extinguisher_080_00089.jpg -1
ninco/ctenolepisma_longicaudata/ctenolepisma_longicaudata_030_12152975.jpg -1
ninco/erysimum_franciscanum/erysimum_franciscanum_091_12624087.jpg -1
ninco/f_forest_path/f_forest_path_061_00002747.jpg -1
ninco/sarpa_salpa/sarpa_salpa_078_4084969.jpg -1
ninco/lasionycteris_noctivagans/lasionycteris_noctivagans_005_11992267.jpeg -1
ninco/erysimum_franciscanum/erysimum_franciscanum_062_11691870.jpg -1
ninco/tapirus_bairdii/tapirus_bairdii_007_1129412.JPG -1
ninco/lepomis_auritus/lepomis_auritus_015_10421315.jpeg -1
ninco/platycephalus_fuscus/platycephalus_fuscus_015_13872088.jpeg -1
ninco/f_field_road/f_field_road_050_00002317.jpg -1
ninco/sepia_apama/sepia_apama_020_12566610.jpeg -1
ninco/lasionycteris_noctivagans/lasionycteris_noctivagans_028_17360312.jpg -1
ninco/ferocactus_pilosus/ferocactus_pilosus_085_18400943.jpeg -1
ninco/f_field_road/f_field_road_005_00000405.jpg -1
